title,genre
The Philosophy of Modern Song,Art
Con/Artist: The Life and Crimes of the World's Greatest Art Forger,Art
A Book of Days,Art
"Art Is Life: Icons and Iconoclasts, Visionaries and Vigilantes, and Flashes of Hope in the Night",Art
Holding Space: Life and Love Through a Queer Lens,Art
The Paper Dolls of Zelda Fitzgerald,Art
Mesozoic Art: Dinosaurs and Other Ancient Animals in Art,Art
Kobiety z obrazów. Polki,Art
Looking to Sea: Britain Through the Eyes of its Artists,Art
Art Hiding in Paris: An Illustrated Guide to the Secret Masterpieces of the City of Light,Art
"Visual Thinking: The Hidden Gifts of People Who Think in Pictures, Patterns, and Abstractions",Art
Attribution,Art
The Color of Ice,Art
Botticelli's Secret: The Lost Drawings and the Rediscovery of the Renaissance,Art
Within These Gilded Halls,Art
"The Rise of the Dragon: An Illustrated History of the Targaryen Dynasty, Volume One",Art
Love & Vermin,Art
Revenge of the Librarians,Art
Black Hollywood: Reimagining Iconic Movie Moments,Art
"At the Mountains of Madness, vol.1",Art
Our America: A Photographic History,Art
The Madman's Gallery,Art
Kill Them With Canvas (A Paint by Murder Mystery #2),Art
The Choreography of Everyday Life,Art
"A Book, Too, Can Be a Star: The Story of Madeleine L'Engle and the Making of a Wrinkle in Time",Art
I Can't Draw,Art
Scorn: The Art of the Game,Art
The Twelve Days of Christmas: A Celebration of Nature,Art
Tove Jansson (The Illustrators),Art
Lunia i Modigliani,Art
"Surrender: 40 Songs, One Story",Biography
The Queen: Her Life,Biography
Egypt's Golden Couple: When Akhenaten and Nefertiti Were Gods on Earth,Biography
"Deliberate Cruelty: Truman Capote, the Millionaire's Wife, and the Murder of the Century",Biography
Number One Is Walking: My Life in the Movies and Other Diversions,Biography
Con/Artist: The Life and Crimes of the World's Greatest Art Forger,Biography
The Grimkes: The Legacy of Slavery in an American Family,Biography
Dickens and Prince: A Particular Kind of Genius,Biography
The Rebel and the Kingdom: The True Story of the Secret Mission to Overthrow the North Korean Regime,Biography
"Nero: Matricide, Music, and Murder in Imperial Rome",Biography
"Vigilance: The Life of William Still, Father of the Underground Railroad",Biography
G-Man: J. Edgar Hoover and the Making of the American Century,Biography
Finale: Late Conversations with Stephen Sondheim,Biography
The Peacemaker: Ronald Reagan in the White House and the World,Biography
Shirley Hazzard: A Writing Life,Biography
"The Island of Extraordinary Captives: A Painter, a Poet, an Heiress, and a Spy in a World War II British Internment Camp",Biography
The Pirate's Wife: The Remarkable True Story of Sarah Kidd,Biography
One Jump at a Time: My Story,Biography
Too Much,Biography
Barkley: A Biography,Biography
Eat Your Mind: The Radical Life and Work of Kathy Acker,Biography
The Mother of All Degrassi: A Memoir,Biography
Einstein,Biography
The Corgi and the Queen,Biography
Uncommon Wrath: How Caesar and Cato’s Deadly Rivalry Destroyed the Roman Republic,Biography
His Masterly Pen: A Biography of Jefferson the Writer,Biography
"Madly, Deeply: The Diaries of Alan Rickman",Biography
The Escape Artist: The Man Who Broke Out of Auschwitz to Warn the World,Biography
And There Was Light: Abraham Lincoln and the American Struggle,Biography
Confidence Man: The Making of Donald Trump and the Breaking of America,Biography
The Revolutionary: Samuel Adams,Biography
The Extraordinary Life of an Ordinary Man: A Memoir,Biography
Waxing On: The Karate Kid and Me,Biography
Down and Out in Paradise: The Life of Anthony Bourdain,Biography
Botticelli's Secret: The Lost Drawings and the Rediscovery of the Renaissance,Biography
README.txt,Biography
Heretic: A Memoir,Biography
The White Mosque,Biography
An American Martyr in Persia: The Epic Life and Tragic Death of Howard Baskerville,Biography
The Last Folk Hero: The Life and Myth of Bo Jackson,Biography
Mussolini's Daughter: The Most Dangerous Woman in Europe,Biography
"Somewhere Sisters: A Story of Adoption, Identity, and the Meaning of Family",Biography
Mirror in the Sky: The Life and Music of Stevie Nicks,Biography
Nerd: Adventures in Fandom from This Universe to the Multiverse,Biography
"Morgenthau: Power, Privilege, and the Rise of an American Dynasty",Biography
Catching the Light,Biography
First Among Men: George Washington and the Myth of American Masculinity,Biography
My People: Five Decades of Writing about Black Lives,Biography
An Angel in Sodom: Henry Gerber and the Birth of the Gay Rights Movement,Biography
The World: A Family History of Humanity,Biography
Once Upon a Tome: The Misadventures of a Rare Bookseller,Biography
"Come Back in September: A Literary Education on West Sixty-Seventh Street, Manhattan",Biography
Muppets in Moscow: The Unexpected Crazy True Story of Making Sesame Street in Russia,Biography
Playing Under the Piano: From Downton to Darkest Peru,Biography
Ted Kennedy: A Life,Biography
Wat de fak,Biography
Troublemakers in Trousers: Women and What They Wore to Get Things Done,Biography
Radio's Greatest of All Time,Biography
Tripping Over Myself: A Memoir of a Life in Comedy,Biography
Un tal González,Biography
Going Places: Victor Hugo Green and His Glorious Book,Biography
The Evolution of Charles Darwin: The Epic Voyage of the Beagle That Forever Changed Our View of Life on Earth,Biography
"The Girl Who Built an Ocean: An Artist, an Argonaut, and the True Story of the World's First Aquarium",Biography
"A Book, Too, Can Be a Star: The Story of Madeleine L'Engle and the Making of a Wrinkle in Time",Biography
The Woodville Women,Biography
Clive Barker’s Dark Worlds,Biography
Memories of a Gay Catholic Boyhood: Coming of Age in the Sixties,Biography
The Completion of C. S. Lewis (1945-1963): From War to Joy,Biography
A Front Row Seat,Biography
Starring Steven Spielberg: The Making of a Young Filmmaker,Biography
"It's Not TV: The Spectacular Rise, Revolution, and Future of HBO",Business
The Lego Story: How a Little Toy Sparked the World's Imagination,Business
Chip War: The Fight for the World's Most Critical Technology,Business
"It's Not the Three Little Pigs (It's Not a Fairy Tale, #4)",Children's
The Cool Code,Children's
"Roll Call (Dungeons & Dragons: Dungeon Club, #1)",Children's
Mihi Ever After,Children's
Morning Sun in Wuhan,Children's
Sir Callie and the Champions of Helston,Children's
The Sour Grape,Children's
The Bad Guys in the Others?! (The Bad Guys #16),Children's
"Cat Kid Comic Club: Collaborations (Cat Kid Comic Club, #4)",Children's
The Christmas Book Flood,Children's
Little Imperfections: A Tall Tale of Growing Up Different,Children's
Snow Horses: A First Night Story,Children's
"The Labyrinth of Doom (Once Upon a Tim, #2)",Children's
No Snowball!,Children's
"The Great Caper Caper (Lady Pancake & Sir French Toast, #5)",Children's
"Diper Överlöde (Diary of a Wimpy Kid, #17)",Children's
The Legend of the Christmas Witch,Children's
"The Vanderbeekers of 141st Street (The Vanderbeekers, #1)",Children's
Illuminations,Children's
Attack of the Black Rectangles,Children's
The Best Gift for Bear,Children's
Invisible,Children's
Jessi's Secret Language,Children's
"Front Desk (Front Desk, #1)",Children's
Spy School Project X,Children's
Cat Kid Comic Club: On Purpose,Children's
The Sour Grape,Children's
Kristy and the Snobs,Children's
The Night I Met Father Christmas,Children's
5 More Sleeps 'til Christmas,Children's
Charlotte's Web,Children's
"Harry Potter and the Philosopher's Stone (Harry Potter, #1)",Children's
Where the Wild Things Are,Children's
The Giving Tree,Children's
Matilda,Children's
Green Eggs and Ham,Children's
"The Lion, the Witch and the Wardrobe (Chronicles of Narnia, #1)",Children's
"Charlie and the Chocolate Factory (Charlie Bucket, #1)",Children's
"Harry Potter and the Chamber of Secrets (Harry Potter, #2)",Children's
The Little Prince,Children's
"Harry Potter and the Prisoner of Azkaban (Harry Potter, #3)",Children's
Where the Sidewalk Ends,Children's
The Secret Garden,Children's
"The Cat in the Hat (The Cat in the Hat, #1)",Children's
Authentically Izzy,Christian
The Blackout Book Club,Christian
Beneath His Silence,Christian
"Sundown (Sky King Ranch, #3)",Christian
"His Delightful Lady Delia (American Royalty, #3)",Christian
The Hidden Prince,Christian
The Thrill of Orthodoxy: Rediscovering the Adventure of Christian Faith,Christian
Sadie on the Rocks (Suddenly Sadie Adventure #1),Christian
"See the Good: Finding Grace, Gratitude, and Optimism in Every Day",Christian
One Cinderella Night: Christian Romantic Suspense /Billionaire Romance,Christian
The Bookshop of Secrets,Christian
The Lost Melody,Christian
Within These Gilded Halls,Christian
The Premonition at Withers Farm,Christian
"Body of Evidence (Triple Threat, #3)",Christian
The Faith of Elvis,Christian
Start with Hello: (And Other Simple Ways to Live as Neighbors),Christian
Concrete Evidence,Christian
I'll See You Tomorrow: Building Relational Resilience When You Want to Quit,Christian
The Secrets of Emberwild,Christian
Where the Blue Sky Begins,Christian
"Falling for the Cowgirl (Colorado Cowboys, #4)",Christian
A Model of Devotion (The Lumber Baron's Daughters #3),Christian
"Live Your Truth (and Other Lies): Exposing Popular Deceptions That Make Us Anxious, Exhausted, and Self-Obsessed",Christian
18 Minutes with Jesus: Straight Talk from the Savior about the Things That Matter Most,Christian
A Seaside Wonder (Muir Harbor #2),Christian
Heaven and Nature Sing: 25 Advent Reflections to Bring Joy to the World,Christian
A Dream of Christmas (Christmas Holiday Extravaganza),Christian
Light a Christmas Candle (Christmas Holiday Extravaganza),Christian
The Cool Code,Comics
Number One Is Walking: My Life in the Movies and Other Diversions,Comics
It's Lonely at the Centre of the Earth,Comics
"Roll Call (Dungeons & Dragons: Dungeon Club, #1)",Comics
Batgirls Vol. 1,Comics
"Superman: Son of Kal-El, Vol. 2: The Rising",Comics
"Twig, Volume 1",Comics
"Deadly Class, Volume 12: A Fond Farewell, Part Two",Comics
Maus Now: Selected Writing,Comics
Batman: Shadow War,Comics
Below Ambition,Comics
Captain Carter: Woman Out of Time,Comics
Star Wars: The Halcyon Legacy,Comics
Einstein,Comics
Diana and Nubia: Princesses of the Amazons,Comics
"Pucky, Prince of Bacon: A Breaking Cat News Adventure",Comics
"The New Sinister (The Amazing Spider-Man, #2)",Comics
Poison Ivy #6,Comics
Wonder Girl: Homecoming,Comics
Something is Killing the Children #26,Comics
Can I Pet Your Dog?,Comics
She-Hulk #7,Comics
Batman & The Joker: The Deadly Duo (2022-) #1,Comics
Godzilla vs. the Mighty Morphin Power Rangers,Comics
She-Hulk #8,Comics
"Justice League, Vol. 2: United Order",Comics
"Star Wars: The Mandalorian, Vol. 1: Season One, Part One",Comics
Spider-Gwen: Gwenverse,Comics
"Fantastic Four, Volume 11: Reckoning War, Part II",Comics
Artist,Comics
"Marauders, Vol. 1",Comics
Buffy '97,Comics
Star Trek: Lower Decks #3,Comics
Seven Secrets Vol. 3,Comics
The Return of Effie Kolb and Others (Hellboy and the B.P.R.D. #5.6),Comics
Savage Spider-Man,Comics
Huit heures à Berlin (Blake & Mortimer #29),Comics
Aquamen Vol. 1,Comics
Iron Fist: The Shattered Sword,Comics
Batman/Spawn: The Classic Collection,Comics
Wolverine: Patch,Comics
Cowboy Bebop: Supernova Swing,Comics
DC vs. Vampires (2021-) #11,Comics
Little Monsters #7,Comics
Batgirls #12,Comics
Dylan Dog n. 435: Due minuti a mezzanotte,Comics
Batgirls #1: 2022 Annual,Comics
X-Factor By Peter David Omnibus Vol. 2,Comics
Wolverine Omnibus Vol. 3,Comics
Dylan Dog Color Fest n. 43: Utopia modulare,Comics
Firefly: Keep Flying #1,Comics
Lustiges Taschenbuch Weihnachten 28: Frohes Fest in Entenhausen,Comics
Planeta Manga: Vínculos,Comics
Κουραφέλκυθρα: Τρέλανε μας Σαβαγιάρ Θεέ!,Comics
"Saga, Volume 10",Comics
"The Night Eaters, Vol. 1: She Eats the Night",Comics
Thieves,Comics
Anne: An Adaptation of Anne of Green Gables (Sort Of),Comics
Where Black Stars Rise,Comics
Twelfth Grade Night,Comics
Hollow,Comics
Love & Vermin,Comics
Revenge of the Librarians,Comics
"How to Win the War on Truth: An Illustrated Guide to How Mistruths Are Sold, Why They Stick, and How to Reclaim Reality",Comics
"Something is Killing the Children, Vol. 5",Comics
You Are Home,Comics
Rain,Comics
"Follow Me Down (Reckless, #5)",Comics
My Aunt Is a Monster,Comics
"She-Hulk by Rainbow Rowell, Vol. 1: Jen, Again",Comics
The Closet,Comics
"Little Monsters, Volume 1",Comics
"Crimson Reign (Star Wars: Darth Vader, #4)",Comics
"とんがり帽子のアトリエ 11 [Tongari Bōshi no Atelier 11] (とんがり帽子のアトリエ [Tongari Bōshi no Atelier], #11)",Comics
Side Effects,Comics
"Crimson Reign (Star Wars: Doctor Aphra, #4)",Comics
"World Without Love (The Amazing Spider-Man, #1)",Comics
Refrigerator Full of Heads,Comics
De Cape et de Mots,Comics
"古見さんは、コミュ症です。 27 [Komi-san wa Komyushou Desu. 27] (Komi Can't Communicate, #27)",Comics
Hulk Vs. Thor: Banner of War,Comics
Green Lantern: Alliance,Comics
Poison Ivy #5,Comics
"Portaltreet del 2 (Nordlys, #6)",Comics
Trial of the Amazons,Comics
"見える子ちゃん 8 (Mieruko-chan, #8)",Comics
Star Trek: Lower Decks #2,Comics
"Teen Titans Academy, Vol. 2: Exit Wounds",Comics
"アオのハコ 7 [Ao no Hako 7] (Blue Box, #7)",Comics
Star Wars: Visions (2022) #1,Comics
"Adventureman, Volume 2: A Fairy Tale of New York (Adventureman, 2)",Comics
All-New Firefly: The Gospel According to Jayne Vol. 1,Comics
"あかね噺 3 (Akane-banashi, #3)",Comics
The Man Who Fell to Earth: The Official Movie Adaptation,Comics
House of Slaughter #10,Comics
Wonder Woman: Evolution,Comics
Batgirls #11,Comics
"ルリドラゴン 1 (RuriDragon, #1)",Comics
Junkyard Joe #1,Comics
Kaya #1,Comics
Conversations Behind the Kitchen Door: 50 American Chefs Chart Today’s Food Culture,Cookbooks
What's for Dessert: Simple Recipes for Dessert People,Cookbooks
All about Cookies: A Milk Bar Baking Book,Cookbooks
Baking By Feel: Recipes to Sort Out Your Emotions (Whatever They Are Today!),Cookbooks
The Siete Table: Nourishing Mexican-American Recipes from Our Kitchen,Cookbooks
Go-To Dinners: A Barefoot Contessa Cookbook,Cookbooks
Castle Rock Kitchen: Wicked Good Recipes from the World of Stephen King [A Cookbook],Cookbooks
"The Lost Metal (Mistborn, #7)",Fantasy
"Bloodmarked (Legendborn, #2)",Fantasy
"A Light in the Flame (Flesh and Fire, #2)",Fantasy
The Cloisters,Fantasy
"Charm (Crave, #5)",Fantasy
"Heart of the Sun Warrior (The Celestial Kingdom Duology, #2)",Fantasy
The Ones We Burn,Fantasy
"The World We Make (Great Cities, #2)",Fantasy
"Keeper of Enchanted Rooms (Whimbrel House, #1)",Fantasy
Tread of Angels,Fantasy
"The Luminaries (The Luminaries, #1)",Fantasy
"Cursed (Gilded, #2)",Fantasy
The Choice (The Dragon Heart Legacy #3),Fantasy
"Stellarlune (Keeper of the Lost Cities, #9)",Fantasy
"Gleanings: Stories from the Arc of a Scythe (Arc of a Scythe, #3.5)",Fantasy
"A Restless Truth (The Last Binding, #2)",Fantasy
The Wilderwomen,Fantasy
Even Though I Knew the End,Fantasy
"Saint (Fable, #0.5)",Fantasy
A Thousand Heartbeats,Fantasy
A Wilderness of Stars,Fantasy
"The Stars Undying (Empire Without End, #1)",Fantasy
"The Serpent in Heaven (Gunnie Rose, #4)",Fantasy
Silver in the Mist,Fantasy
"Children of Ragnarok (Runestone Saga, #1)",Fantasy
"The Wicked Remain (The Grimrose Girls, #2)",Fantasy
"Empire of Exiles (Books of the Usurper, #1)",Fantasy
Cruel Illusions,Fantasy
When Franny Stands Up,Fantasy
"The Voyage of the Forgotten (The Legacy of the Mercenary Kings, #3)",Fantasy
Africa Risen: A New Era of Speculative Fiction,Fantasy
"The Last Hero (The First Sister Trilogy, #3)",Fantasy
Moira's Pen: A Queen's Thief Collection,Fantasy
The Vermilion Emporium,Fantasy
"Raven Unveiled (Fallen Empire, #3)",Fantasy
The Sorcerer of Pyongyang,Fantasy
House of Yesterday,Fantasy
Origins of The Wheel of Time: The Legends and Mythologies that Inspired Robert Jordan,Fantasy
The Red Scholar's Wake,Fantasy
Son of the Salt Chaser,Fantasy
At Midnight,Fantasy
The Last Huntress (Mirror Realm #1),Fantasy
The Killing God,Fantasy
"Untamed (The Crystal Island, #2)",Fantasy
Desert Creatures,Fantasy
"Of Shadow and Moonlight (Shadow and Moonlight, #1)",Fantasy
"Roll Call (Dungeons & Dragons: Dungeon Club, #1)",Fantasy
"Nightwatch Over Windscar (The Weep, #2)",Fantasy
"Moongarden (Plotting the Stars, #1)",Fantasy
Mihi Ever After,Fantasy
Rise of the Demon (Kara Gillian #9),Fantasy
Nightfall in the Garden of Deep Time,Fantasy
"External Forces (Marrowbone Spells, #2)",Fantasy
"The Last Storm (Rogue X Ara, #1)",Fantasy
"Trial of the Sun Queen (Artefacts of Ouranos, #1)",Fantasy
"He-Man and the Masters of the Universe: I, Skeletor (Tales of Eternia, #2)",Fantasy
Convergence,Fantasy
The Six Deaths of the Saint (Into Shadow),Fantasy
Angels Before Man,Fantasy
A Consuming Fire,Fantasy
Critical Role: The Mighty Nein—The Nine Eyes of Lucien,Fantasy
"Monster's Obsession (Monster & Me, #2)",Fantasy
Undercover (Into Shadow),Fantasy
The Two Doctors Górski,Fantasy
Persephone (Into Shadow),Fantasy
Sir Callie and the Champions of Helston,Fantasy
What the Dead Know (Into Shadow),Fantasy
When The Banshee Knocks,Fantasy
Pulling the Wings Off Angels,Fantasy
Into the Forest: Tales of the Baba Yaga,Fantasy
"Arazan's Wolves (Ranger's Apprentice: The Royal Ranger, #6)",Fantasy
The Garden (Into Shadow),Fantasy
"Leopard's Scar (Leopard People, #13)",Fantasy
"Out of the Mirror, Darkness (Into Shadow)",Fantasy
"Cast in Eternity (Chronicles of Elantra, #17)",Fantasy
"The Quarrygate Gambit (The Streets of Maradaine, #4)",Fantasy
"Reborn Throne (Shattered Kingdom, #7)",Fantasy
The Alchemy of Sorrow,Fantasy
The Shuddering City,Fantasy
"Rising Feather (The Forgotten Angel, #3)",Fantasy
"Blood of Torbatt (The Lost Faces, #2)",Fantasy
The Candles Are Burning (Into Shadow),Fantasy
Illuminations,Fantasy
"Wrapped up in Christmas (Frost & Crowe Mystery, #2)",Fantasy
"The Atlas Paradox (The Atlas, #2)",Fantasy
If You Could See the Sun,Fantasy
Such Sharp Teeth,Fantasy
"Greywaren (Dreamer Trilogy, #3)",Fantasy
"Night of the Raven, Dawn of the Dove",Fantasy
"Seasparrow (Graceling Realm, #5)",Fantasy
Malice House,Fantasy
"Strike the Zither (Kingdom of Three, #1)",Fantasy
The Storyteller's Death,Fantasy
"River Woman, River Demon",Fantasy
The Whispering Dark,Fantasy
"Unbroken Bonds (The Bonds That Tie, #6)",Fantasy
Self-Portrait with Nothing,Fantasy
The Hollow Kind,Fantasy
"Into the Riverlands (The Singing Hills Cycle, #3)",Fantasy
"Daughter of Darkness (Viridian Deep, #2)",Fantasy
Now Is Not the Time to Panic,Fiction
We Are the Light,Fiction
"Astrid Parker Doesn't Fail (Bright Falls, #2)",Fiction
The Ones We Burn,Fiction
"The World We Make (Great Cities, #2)",Fiction
White Horse,Fiction
Tread of Angels,Fiction
Better than Fiction,Fiction
The Lindbergh Nanny,Fiction
We All Want Impossible Things,Fiction
"A World of Curiosities (Chief Inspector Armand Gamache, #18)",Fiction
"A Restless Truth (The Last Binding, #2)",Fiction
A Quiet Life,Fiction
How to Excavate a Heart,Fiction
Even Though I Knew the End,Fiction
Flight,Fiction
"Saint (Fable, #0.5)",Fiction
A Thousand Heartbeats,Fiction
The Personal Assistant,Fiction
The Resemblance,Fiction
Small Game: A Novel,Fiction
A Wilderness of Stars,Fiction
Salt and Sugar,Fiction
Scattered Showers,Fiction
Winterland,Fiction
Gilded Mountain,Fiction
The Girls in Navy Blue,Fiction
"Someday, Maybe",Fiction
Angels of the Resistance: A WWII Novel,Fiction
All The Blood We Share,Fiction
We Deserve Monuments,Fiction
"Wayward (Wanderers, #2)",Fiction
Pride and Protest,Fiction
"One Last Chance (Blood Ties, #3)",Fiction
"Dead and Gondola (Christie Bookshop, #1)",Fiction
"The Stars Undying (Empire Without End, #1)",Fiction
"Dawnlands (The Fairmile, #3)",Fiction
Blackwater Falls,Fiction
The Stolen Book of Evelyn Aubrey,Fiction
The Magic Kingdom,Fiction
"The Reluctant Countess (Would-Be Wallflowers, #2)",Fiction
"Reader, I Murdered Him",Fiction
Aesthetica,Fiction
"Children of Ragnarok (Runestone Saga, #1)",Fiction
They're Going to Love You,Fiction
Hold You Down,Fiction
"Empire of Exiles (Books of the Usurper, #1)",Fiction
Jasmine Zumideh Needs a Win,Fiction
The Banned Bookshop of Maggie Banks,Fiction
Toad,Fiction
The Lies We Tell,Fiction
Sugaring Off,Fiction
The Blackout Book Club,Fiction
A Ghost of Caribou (Alex Carter #3),Fiction
The Call of the Wrens,Fiction
When Franny Stands Up,Fiction
"The Voyage of the Forgotten (The Legacy of the Mercenary Kings, #3)",Fiction
Sacrificio,Fiction
Africa Risen: A New Era of Speculative Fiction,Fiction
"Night, Forgotten",Fiction
The Cool Code,Fiction
"The Last Hero (The First Sister Trilogy, #3)",Fiction
Moira's Pen: A Queen's Thief Collection,Fiction
Belittled Women,Fiction
The Vermilion Emporium,Fiction
A Matter of Happiness,Fiction
The Sorcerer of Pyongyang,Fiction
None of This Would Have Happened If Prince Were Alive: A Novel,Fiction
House of Yesterday,Fiction
The Wintering Place,Fiction
Lost in the Long March,Fiction
The Best American Short Stories 2022,Fiction
The Double Agent (Alexsi #2),Fiction
The Red Scholar's Wake,Fiction
To Each This World,Fiction
Like the Wind,Fiction
At Midnight,Fiction
The Hunger Between Us,Fiction
The Killing God,Fiction
Midnight at the Shelter,Fiction
What a Trip,Fiction
Defending Alice: A Novel of Love and Race in the Roaring Twenties,Fiction
"Untamed (The Crystal Island, #2)",Fiction
Desert Creatures,Fiction
My Good Man,Fiction
Murder Most Royal (Her Majesty the Queen Investigates #3),Fiction
"Nightwatch Over Windscar (The Weep, #2)",Fiction
"The Ice Orphan (Rewilding Reports, #3)",Fiction
"Moongarden (Plotting the Stars, #1)",Fiction
"His Delightful Lady Delia (American Royalty, #3)",Fiction
Mihi Ever After,Fiction
Morning Sun in Wuhan,Fiction
An Act of Foul Play (Lady Hardcastle #9),Fiction
Tale of the Dreamer's Son,Fiction
"Caesar's Lord (Constantine's Empire, #3)",Fiction
Our Missing Hearts,Fiction
Demon Copperhead,Fiction
Hester,Fiction
"The Atlas Paradox (The Atlas, #2)",Fiction
"The Passenger (The Passenger, #1)",Fiction
The Cool Code,Graphic Novels
Number One Is Walking: My Life in the Movies and Other Diversions,Graphic Novels
It's Lonely at the Centre of the Earth,Graphic Novels
"Roll Call (Dungeons & Dragons: Dungeon Club, #1)",Graphic Novels
Sir Callie and the Champions of Helston,Graphic Novels
The Bad Guys in the Others?! (The Bad Guys #16),Graphic Novels
"Cat Kid Comic Club: Collaborations (Cat Kid Comic Club, #4)",Graphic Novels
Batgirls Vol. 1,Graphic Novels
"Superman: Son of Kal-El, Vol. 2: The Rising",Graphic Novels
"Twig, Volume 1",Graphic Novels
"Deadly Class, Volume 12: A Fond Farewell, Part Two",Graphic Novels
Batman: Shadow War,Graphic Novels
Below Ambition,Graphic Novels
Captain Carter: Woman Out of Time,Graphic Novels
Star Wars: The Halcyon Legacy,Graphic Novels
Gokurakugai (Volume #1),Graphic Novels
Einstein,Graphic Novels
Diana and Nubia: Princesses of the Amazons,Graphic Novels
"Pucky, Prince of Bacon: A Breaking Cat News Adventure",Graphic Novels
"The New Sinister (The Amazing Spider-Man, #2)",Graphic Novels
Wonder Girl: Homecoming,Graphic Novels
Something is Killing the Children #26,Graphic Novels
She-Hulk #7,Graphic Novels
Godzilla vs. the Mighty Morphin Power Rangers,Graphic Novels
She-Hulk #8,Graphic Novels
"Justice League, Vol. 2: United Order",Graphic Novels
"Star Wars: The Mandalorian, Vol. 1: Season One, Part One",Graphic Novels
Spider-Gwen: Gwenverse,Graphic Novels
"Fantastic Four, Volume 11: Reckoning War, Part II",Graphic Novels
Artist,Graphic Novels
"Marauders, Vol. 1",Graphic Novels
Buffy '97,Graphic Novels
Seven Secrets Vol. 3,Graphic Novels
The Return of Effie Kolb and Others (Hellboy and the B.P.R.D. #5.6),Graphic Novels
Aquamen Vol. 1,Graphic Novels
Iron Fist: The Shattered Sword,Graphic Novels
Batman/Spawn: The Classic Collection,Graphic Novels
Wolverine: Patch,Graphic Novels
Cowboy Bebop: Supernova Swing,Graphic Novels
"Teenage Mutant Ninja Turtles: Reborn, Volume 5 – Mystic Sister",Graphic Novels
Noir Burlesque 2,Graphic Novels
Simulacri: Brecce,Graphic Novels
Kalya n. 1: Il frammento del caduto,Graphic Novels
Firefly: Keep Flying #1,Graphic Novels
Diabolik Anno LXI n. 11: Tutto ha una fine,Graphic Novels
Julia n. 290: Una nuova vita,Graphic Novels
Nathan Never n. 378: Il pianeta delle nebbie,Graphic Novels
Il libro dei sogni,Graphic Novels
Lore Olympus: Volume Three,Graphic Novels
The Heartstopper Yearbook,Graphic Novels
"Saga, Volume 10",Graphic Novels
"The Night Eaters, Vol. 1: She Eats the Night",Graphic Novels
Thieves,Graphic Novels
Frizzy,Graphic Novels
Anne: An Adaptation of Anne of Green Gables (Sort Of),Graphic Novels
"SPY×FAMILY 10 (SPY×FAMILY, #10)",Graphic Novels
Where Black Stars Rise,Graphic Novels
Twelfth Grade Night,Graphic Novels
Numb to This: Memoir of a Mass Shooting,Graphic Novels
Hollow,Graphic Novels
Love & Vermin,Graphic Novels
No Sleep Till Shengal,Graphic Novels
Spirit Week,Graphic Novels
Revenge of the Librarians,Graphic Novels
"How to Win the War on Truth: An Illustrated Guide to How Mistruths Are Sold, Why They Stick, and How to Reclaim Reality",Graphic Novels
"Something is Killing the Children, Vol. 5",Graphic Novels
You Are Home,Graphic Novels
Rain,Graphic Novels
"Follow Me Down (Reckless, #5)",Graphic Novels
My Aunt Is a Monster,Graphic Novels
"She-Hulk by Rainbow Rowell, Vol. 1: Jen, Again",Graphic Novels
The Closet,Graphic Novels
"Little Monsters, Volume 1",Graphic Novels
"Crimson Reign (Star Wars: Darth Vader, #4)",Graphic Novels
"Narwhalicorn and Jelly (Narwhal and Jelly, #7)",Graphic Novels
Side Effects,Graphic Novels
"Crimson Reign (Star Wars: Doctor Aphra, #4)",Graphic Novels
"World Without Love (The Amazing Spider-Man, #1)",Graphic Novels
Refrigerator Full of Heads,Graphic Novels
De Cape et de Mots,Graphic Novels
Hulk Vs. Thor: Banner of War,Graphic Novels
Green Lantern: Alliance,Graphic Novels
Bird  & Squirrel All Together: A Graphic Novel (Bird & Squirrel #7),Graphic Novels
"Portaltreet del 2 (Nordlys, #6)",Graphic Novels
Trial of the Amazons,Graphic Novels
Le Ciel pour conquête,Graphic Novels
"Teen Titans Academy, Vol. 2: Exit Wounds",Graphic Novels
Star Wars: Visions (2022) #1,Graphic Novels
"Adventureman, Volume 2: A Fairy Tale of New York (Adventureman, 2)",Graphic Novels
All-New Firefly: The Gospel According to Jayne Vol. 1,Graphic Novels
The Man Who Fell to Earth: The Official Movie Adaptation,Graphic Novels
House of Slaughter #10,Graphic Novels
Iyanu: Child of Wonder Volume 2,Graphic Novels
Wonder Woman: Evolution,Graphic Novels
"Bonding: A Love Story About People and Their Parasites (Bonding, 1)",Graphic Novels
W.i.t.c.h.. 20 anni di magia. Da Il sigillo di Nerissa a Il soffio dell’odio (Vol. 4),Graphic Novels
The Crumrin Chronicles Vol. 2: The Lost and the Lonely,Graphic Novels
Quaderni ucraini. Diario di un'invasione,Graphic Novels
Dragonero  Mondo oscuro n. 1: A guardia della notte,Graphic Novels
Dragonero Il Ribelle n. 36: Morte di un tiranno,Graphic Novels
Tread of Angels,Historical Fiction
The Lindbergh Nanny,Historical Fiction
Trespasses,Historical Fiction
Even Though I Knew the End,Historical Fiction
"A Restless Truth (The Last Binding, #2)",Historical Fiction
Winterland,Historical Fiction
Gilded Mountain,Historical Fiction
Angels of the Resistance: A WWII Novel,Historical Fiction
The Girls in Navy Blue,Historical Fiction
All The Blood We Share,Historical Fiction
"Dawnlands (The Fairmile, #3)",Historical Fiction
The Stolen Book of Evelyn Aubrey,Historical Fiction
The Magic Kingdom,Historical Fiction
"Reader, I Murdered Him",Historical Fiction
Jasmine Zumideh Needs a Win,Historical Fiction
The Blackout Book Club,Historical Fiction
The Call of the Wrens,Historical Fiction
"The Brilliance of Stars (Jack and Ivy, #1)",Historical Fiction
When Franny Stands Up,Historical Fiction
The Sorcerer of Pyongyang,Historical Fiction
Sacrificio,Historical Fiction
Jaguars and Other Game,Historical Fiction
A Matter of Happiness,Historical Fiction
Beneath His Silence,Historical Fiction
Defending Alice: A Novel of Love and Race in the Roaring Twenties,Historical Fiction
The Wintering Place,Historical Fiction
Lost in the Long March,Historical Fiction
The Double Agent (Alexsi #2),Historical Fiction
The Hunger Between Us,Historical Fiction
"The Mitford Secret (Mitford Murders, #6)",Historical Fiction
Lost Souls of Leningrad,Historical Fiction
What a Trip,Historical Fiction
My Good Man,Historical Fiction
"His Delightful Lady Delia (American Royalty, #3)",Historical Fiction
The Hidden Prince,Historical Fiction
Viviana Valentine Gets Her Man (Girl Friday #1),Historical Fiction
Passages of Hope (Doors to the Past),Historical Fiction
The Call of the Sea,Historical Fiction
Rootwork (Conjure #1),Historical Fiction
We Fly Beneath the Stars,Historical Fiction
The Dazzle of the Light,Historical Fiction
The Devil's Blaze,Historical Fiction
Death at the Falls (Gilded Age Mystery #7),Historical Fiction
Paperback Jack,Historical Fiction
Torch,Historical Fiction
Tenmile,Historical Fiction
To Win Her Hand  (A Gentleman's Match #1),Historical Fiction
"あさドラ! 7 [Asadora! 7] (あさドラ! [Asadora!], #7)",Historical Fiction
They Believed They Were Safe,Historical Fiction
Hester,Historical Fiction
Lavender House,Historical Fiction
Cradles of the Reich,Historical Fiction
Anywhere You Run,Historical Fiction
"Night of the Raven, Dawn of the Dove",Historical Fiction
"Strike the Zither (Kingdom of Three, #1)",Historical Fiction
Such a Pretty Girl,Historical Fiction
One Woman's War,Historical Fiction
The Storyteller's Death,Historical Fiction
Daughters of the New Year,Historical Fiction
"The Belle of Belgrave Square (Belles of London, #2)",Historical Fiction
When We Had Wings,Historical Fiction
Marmee,Historical Fiction
Eyes Turned Skyward,Historical Fiction
"A Trace of Poison (Phyllida Bright Mystery, #2)",Historical Fiction
Man Made Monsters,Historical Fiction
"The Boxing Baroness (The Wild Women of Whitechapel, #1)",Historical Fiction
Unnatural Creatures: A Novel of the Frankenstein Women,Historical Fiction
"Uncanny Times (Huntsmen, #1)",Historical Fiction
That Summer in Berlin,Historical Fiction
Attribution,Historical Fiction
"Secrets of the Nile (Lady Emily, #16)",Historical Fiction
The Second Death of Edie and Violet Bond,Historical Fiction
Nothing Sung and Nothing Spoken,Historical Fiction
The Forgotten Bookshop in Paris,Historical Fiction
When the Angels Left the Old Country,Historical Fiction
When the Night Bells Ring,Historical Fiction
The Lost Melody,Historical Fiction
In the Shadow of a Queen,Historical Fiction
Within These Gilded Halls,Historical Fiction
The Secret Diaries of Charles Ignatius Sancho: A Novel,Historical Fiction
The Premonition at Withers Farm,Historical Fiction
The Invincible Miss Cust,Historical Fiction
"Miss del Río: A Novel of Dolores del Río, the First Major Latina Star in Hollywood",Historical Fiction
"To Capture His Heart (Matchmakers, #2)",Historical Fiction
The Secrets of Emberwild,Historical Fiction
"A Spying Eye (Henrietta and Inspector Howard, #6)",Historical Fiction
"In Myrtle Peril (Myrtle Hardcastle Mysteries, #4)",Historical Fiction
"Under a Veiled Moon (Inspector Corravan, #2)",Historical Fiction
The Dark Between the Trees,Historical Fiction
The Socialite's Guide to Murder (Pinnacle Hotel Mystery #1),Historical Fiction
"Treachery on Tenth Street (Gilded Gotham Mystery, #3)",Historical Fiction
A Seed in the Sun,Historical Fiction
The Nightland Express,Historical Fiction
"My Dearest Duke (Cambridge Brotherhood, #2)",Historical Fiction
Mary (Daughters of the Lost Colony #2),Historical Fiction
The Winter Garden,Historical Fiction
We Are the Scribes,Historical Fiction
Beneath the Wide Silk Sky,Historical Fiction
Berliners,Historical Fiction
The Godmother's Secret,Historical Fiction
Butts: A Backstory,History
The Queen: Her Life,History
Egypt's Golden Couple: When Akhenaten and Nefertiti Were Gods on Earth,History
"Deliberate Cruelty: Truman Capote, the Millionaire's Wife, and the Murder of the Century",History
Con/Artist: The Life and Crimes of the World's Greatest Art Forger,History
The Grimkes: The Legacy of Slavery in an American Family,History
The Forever Witness: How Genetic Genealogy Solved a Cold Case Double Murder,History
The Rebel and the Kingdom: The True Story of the Secret Mission to Overthrow the North Korean Regime,History
"Nero: Matricide, Music, and Murder in Imperial Rome",History
Our Man in Tokyo: An American Ambassador and the Countdown to Pearl Harbor,History
"Silent Spring Revolution: John F. Kennedy, Rachel Carson, Lyndon Johnson, Richard Nixon, and the Great Environmental Awakening",History
"Vigilance: The Life of William Still, Father of the Underground Railroad",History
"Requiem for the Massacre: A Black History on the Conflict, Hope, and Fallout of the 1921 Tulsa Race Massacre",History
"It's Not TV: The Spectacular Rise, Revolution, and Future of HBO",History
G-Man: J. Edgar Hoover and the Making of the American Century,History
"Art Is Life: Icons and Iconoclasts, Visionaries and Vigilantes, and Flashes of Hope in the Night",History
"American Caliph: The True Story of a Muslim Mystic, a Hollywood Epic, and the 1977 Siege of Washington, DC",History
The Peacemaker: Ronald Reagan in the White House and the World,History
The Lego Story: How a Little Toy Sparked the World's Imagination,History
"The Island of Extraordinary Captives: A Painter, a Poet, an Heiress, and a Spy in a World War II British Internment Camp",History
A Line in the World: A Year on the North Sea Coast,History
The Pirate's Wife: The Remarkable True Story of Sarah Kidd,History
"The Last Campaign: Sherman, Geronimo and the War for America",History
Adam Smith's America: How a Scottish Philosopher Became an Icon of American Capitalism,History
Hanged! Mary Surratt and the Plot to Assassinate Abraham Lincoln,History
A Message from Ukraine,History
Maus Now: Selected Writing,History
Freedom's Dominion: A Saga of White Resistance to Federal Power,History
Einstein,History
The Corgi and the Queen,History
Uncommon Wrath: How Caesar and Cato’s Deadly Rivalry Destroyed the Roman Republic,History
Storia confidenziale dell'editoria italiana,History
"Capital's Terrorists: Klansmen, Lawmen, and Employers in the Long Nineteenth Century",History
La Serenissima: The Story of Venice,History
His Masterly Pen: A Biography of Jefferson the Writer,History
Nakam: The Holocaust Survivors Who Sought Full-Scale Revenge,History
Disarmament in the Time of Perestroika: Arms Control and the End of the Soviet Union,History
Jerusalem Falls: Seven Centuries of War and Peace,History
"Picts: Scourge of Rome, Rulers of the North",History
The Kennedy Withdrawal: Camelot and the American Commitment to Vietnam,History
Het unieke memorieboek van Maria van Nesse (1588-1650),History
The Escape Artist: The Man Who Broke Out of Auschwitz to Warn the World,History
The Song of the Cell: An Exploration of Medicine and the New Human,History
And There Was Light: Abraham Lincoln and the American Struggle,History
The Revolutionary: Samuel Adams,History
"American Midnight: Democracy's Forgotten Crisis, 1917-1921",History
Chip War: The Fight for the World's Most Critical Technology,History
All That Is Wicked: A Gilded-Age Story of Murder and the Race to Decode the Criminal Mind,History
Botticelli's Secret: The Lost Drawings and the Rediscovery of the Renaissance,History
README.txt,History
The Climate Book: The Facts and the Solutions,History
"The Persuaders: At the Front Lines of the Fight for Hearts, Minds, and Democracy",History
The White Mosque,History
An American Martyr in Persia: The Epic Life and Tragic Death of Howard Baskerville,History
"In the Mouth of the Wolf: A Murder, a Cover-Up, and the True Cost of Silencing the Press",History
"Waging a Good War: A Military History of the Civil Rights Movement, 1954-1968",History
Mussolini's Daughter: The Most Dangerous Woman in Europe,History
"The Other Side of Prospect: A Story of Violence, Injustice, and the American City",History
"Somewhere Sisters: A Story of Adoption, Identity, and the Meaning of Family",History
The Abyss: Nuclear Crisis Cuba 1962,History
Tutankhamun and the Tomb That Changed the World,History
Breathless: The Scientific Race to Defeat a Deadly Virus,History
Mirror in the Sky: The Life and Music of Stevie Nicks,History
"Morgenthau: Power, Privilege, and the Rise of an American Dynasty",History
"No Choice: The Past, Present, and Perilous Future of Abortion in the United States",History
Orchid Muse: A History of Obsession in Fifteen Flowers,History
Paris and Her Cathedrals,History
White Knights in the Black Orchestra: An Extraordinary Story of Germans Fighting Nazism from Inside the Third Reich,History
"How to Win the War on Truth: An Illustrated Guide to How Mistruths Are Sold, Why They Stick, and How to Reclaim Reality",History
First Among Men: George Washington and the Myth of American Masculinity,History
Bad Jews: A History of American Jewish Politics and Identities,History
Black Hollywood: Reimagining Iconic Movie Moments,History
My People: Five Decades of Writing about Black Lives,History
An Angel in Sodom: Henry Gerber and the Birth of the Gay Rights Movement,History
The World: A Family History of Humanity,History
Passion Plays: How Religion Shaped Sports in North America,History
Muppets in Moscow: The Unexpected Crazy True Story of Making Sesame Street in Russia,History
Toil and Trouble: A Women’s History of the Occult,History
Stuff They Don't Want You to Know,History
Ted Kennedy: A Life,History
The Grandest Stage: A History of the World Series,History
Myth America: Historians Take On the Biggest Legends and Lies About Our Past,History
Meanwhile Back on Earth,History
The Lost Rainforests of Britain,History
"Fight, Magic, Items: The History of Final Fantasy, Dragon Quest, and the Rise of Japanese RPGs in the West",History
Iron and Blood: A Military History of the German-speaking Peoples Since 1500,History
Troublemakers in Trousers: Women and What They Wore to Get Things Done,History
Our America: A Photographic History,History
The Madman's Gallery,History
Caves,History
Command: How the Allies Learned to Win the Second World War,History
Black Country Music: Listening for Revolutions,History
Going Places: Victor Hugo Green and His Glorious Book,History
The Evolution of Charles Darwin: The Epic Voyage of the Beagle That Forever Changed Our View of Life on Earth,History
License to Travel: A Cultural History of the Passport,History
Build a House,History
The Ship Beneath the Ice: The Discovery of Shackleton's Endurance,History
The Last Days of the Ottoman Empire,History
"The Girl Who Built an Ocean: An Artist, an Argonaut, and the True Story of the World's First Aquarium",History
Monster Kids: How Pokémon Taught a Generation to Catch Them All,History
White Horse,Horror
"The Luminaries (The Luminaries, #1)",Horror
All The Blood We Share,Horror
"Wayward (Wanderers, #2)",Horror
A Sliver of Darkness,Horror
Africa Risen: A New Era of Speculative Fiction,Horror
House of Yesterday,Horror
Angels Before Man,Horror
At Midnight,Horror
Undercover (Into Shadow),Horror
What the Dead Know (Into Shadow),Horror
Desert Creatures,Horror
TerrorTome,Horror
The Hollows,Horror
November,Horror
Into the Forest: Tales of the Baba Yaga,Horror
The Dismembered,Horror
Rootwork (Conjure #1),Horror
Aliens: Vasquez,Horror
"Blood of Torbatt (The Lost Faces, #2)",Horror
Breakable Things,Horror
The Dead Friends Society,Horror
Stranger Sins,Horror
"The Best Horror of the Year, Volume Fourteen",Horror
Something is Killing the Children #26,Horror
The Sufficient Loss Protocol,Horror
Side Effects Include,Horror
Little Monsters #7,Horror
Jackal,Horror
Sign Here,Horror
Such Sharp Teeth,Horror
Malice House,Horror
The Gwendy Collection: Gwendy's Button Box / Gwendy's Magic Feather / Gwendy's Final Task,Horror
Dark Room Etiquette,Horror
"River Woman, River Demon",Horror
The Hollow Kind,Horror
Lute,Horror
"If This Book Exists, You're in the Wrong Universe (John Dies at the End, #4)",Horror
The Restless Dark,Horror
Man Made Monsters,Horror
"The Night Eaters, Vol. 1: She Eats the Night",Horror
The Ghost Woods,Horror
Unnatural Creatures: A Novel of the Frankenstein Women,Horror
It Rides a Pale Horse,Horror
It Came from the Closet: Queer Reflections on Horror,Horror
Curse of the Reaper,Horror
After Dark with Roxie Clark,Horror
When the Night Bells Ring,Horror
Book of Knives,Horror
Where Black Stars Rise,Horror
The Secret Garden of Yanagi Inn,Horror
Sixteen Souls,Horror
Hollow,Horror
The Vessel,Horror
"The Scratch Daughters (Scapegracers, #2)",Horror
If Only a Heart and Other Tales of Terror,Horror
The Dark Between the Trees,Horror
Saturnalia,Horror
Spirit Week,Horror
"The Immortality Thief (The Kystrom Chronicles, #1)",Horror
They Were Here Before Us: A Novella in Pieces,Horror
Ghostwritten,Horror
"Something is Killing the Children, Vol. 5",Horror
Les Femmes Grotesques,Horror
Queer Little Nightmares: An Anthology of Monstrous Fiction and Poetry,Horror
Family Business,Horror
The Toll House,Horror
Rain,Horror
The House at Phantom Park,Horror
The App,Horror
The Wolves Are Watching,Horror
A Child Alone With Strangers,Horror
Found: An Anthology of Found Footage Horror Stories,Horror
Flight 171,Horror
"At the Mountains of Madness, vol.1",Horror
Dark Matter Presents Human Monsters: A Horror Anthology,Horror
The Black Maybe: Liminal Tales,Horror
The Confessions of Matthew Strong,Horror
The Closet,Horror
"Little Monsters, Volume 1",Horror
"The Vanishing of Aveline Jones (Aveline Jones, #3)",Horror
Poking Holes,Horror
Marla,Horror
Inside Out,Horror
Crime Scene,Horror
"PTSD Radio 1 (Vol. 1-2) (Ptsd Radio Omnibus, 1)",Horror
A House Unsettled,Horror
The Stars in Their Eyes,Horror
Refrigerator Full of Heads,Horror
"D.Gray-man 28 (D.Gray-man, #28)",Horror
A Study in Ugliness & Outras Histórias,Horror
Empire of the Feast,Horror
"見える子ちゃん 8 (Mieruko-chan, #8)",Horror
Clive Barker’s Dark Worlds,Horror
Unthinkable: A Queer Gothic Anthology,Horror
Dark Ladies: racconti di scrittrici vittoriane che vi faranno morire di paura,Horror
Kill Yer Pumpkins: a Halloween collection,Horror
Blame It on the Pumpkin,Horror
The Undertaker's Daughter: A Novel of Supernatural Horror,Horror
Secrets in Scarlet: An Arkham Horror Anthology,Horror
"Friends, Lovers, and the Big Terrible Thing",Memoir
The Light We Carry: Overcoming in Uncertain Times,Memoir
Have I Told You This Already?: Stories I Don’t Want to Forget to Remember,Memoir
A Heart That Works,Memoir
"Surrender: 40 Songs, One Story",Memoir
The World Deserves My Children,Memoir
The World Record Book of Racist Stories,Memoir
Unspeakable: Surviving My Childhood and Finding My Voice,Memoir
Number One Is Walking: My Life in the Movies and Other Diversions,Memoir
Con/Artist: The Life and Crimes of the World's Greatest Art Forger,Memoir
It's Lonely at the Centre of the Earth,Memoir
A Coastline Is an Immeasurable Thing: A Memoir Across Three Continents,Memoir
A Book of Days,Memoir
My First Popsicle: An Anthology of Food and Feelings,Memoir
Cheap Land Colorado: Off-Gridders at America's Edge,Memoir
Weird Girls: Writing the Art Monster,Memoir
A Line in the World: A Year on the North Sea Coast,Memoir
Nothing Bad Ever Happens Here,Memoir
My Pinup,Memoir
Tell Me Again,Memoir
One Jump at a Time: My Story,Memoir
My Dream Time: A Memoir of Tennis & Teamwork,Memoir
The Mother of All Degrassi: A Memoir,Memoir
Carrie Kills A Man,Memoir
Beyond the Wand: The Magic and Mayhem of Growing Up a Wizard,Memoir
"Madly, Deeply: The Diaries of Alan Rickman",Memoir
Making a Scene,Memoir
Bad Vibes Only (and Other Things I Bring to the Table),Memoir
Token Black Girl: A Memoir,Memoir
The Extraordinary Life of an Ordinary Man: A Memoir,Memoir
Inciting Joy: Essays,Memoir
Waxing On: The Karate Kid and Me,Memoir
README.txt,Memoir
Heretic: A Memoir,Memoir
The White Mosque,Memoir
The Family Outing: A Memoir,Memoir
Numb to This: Memoir of a Mass Shooting,Memoir
"Somewhere Sisters: A Story of Adoption, Identity, and the Meaning of Family",Memoir
Mirror in the Sky: The Life and Music of Stevie Nicks,Memoir
Still No Word from You: Notes in the Margin,Memoir
Catching the Light,Memoir
Promenade of Desire: A Barcelona Memoir,Memoir
My People: Five Decades of Writing about Black Lives,Memoir
Once Upon a Tome: The Misadventures of a Rare Bookseller,Memoir
Home Bound: An Uprooted Daughter's Reflections on Belonging,Memoir
"Come Back in September: A Literary Education on West Sixty-Seventh Street, Manhattan",Memoir
Muppets in Moscow: The Unexpected Crazy True Story of Making Sesame Street in Russia,Memoir
Maybe We'll Make It: A Memoir,Memoir
When They Tell You To Be Good: A Memoir,Memoir
Playing Under the Piano: From Downton to Darkest Peru,Memoir
This Arab Is Queer: An Anthology by LGBTQ+ Arab Writers,Memoir
Faltas: Letters to Everyone in My Hometown Who Isn’t My Rapist,Memoir
The Ship Beneath the Ice: The Discovery of Shackleton's Endurance,Memoir
To Be A Trans Man,Memoir
All Roads Home: A Life on and Off the Ice,Memoir
Everything I Never Dreamed: My Life Surviving and Standing Up to Domestic Violence,Memoir
Memories of a Gay Catholic Boyhood: Coming of Age in the Sixties,Memoir
"Surrender: 40 Songs, One Story",Music
The Philosophy of Modern Song,Music
Dickens and Prince: A Particular Kind of Genius,Music
A Book of Days,Music
Finale: Late Conversations with Stephen Sondheim,Music
My Pinup,Music
For the Love of Music,Music
I Fear My Pain Interests You,Music
The Lost Melody,Music
The Faith of Elvis,Music
Mirror in the Sky: The Life and Music of Stevie Nicks,Music
A Ballet of Lepers: A Novel and Stories,Music
Anne of Greenville,Music
"Lost Track (Common Threads, #5)",Music
Maybe We'll Make It: A Memoir,Music
"Play Smart (Work For It, #5)",Music
Hidden Blade (The Road to Rocktoberfest 2022),Music
Black Country Music: Listening for Revolutions,Music
Build a House,Music
Skóra i ćwieki na wieki. Moja historia metalu,Music
The Twelve Days of Christmas: A Celebration of Nature,Music
Five Survive,Mystery
Tread of Angels,Mystery
Even Though I Knew the End,Mystery
The Resemblance,Mystery
All The Blood We Share,Mystery
Steeped in Secrets,Mystery
"Peril in Paris (Her Royal Spyness Mystery, #16)",Mystery
The Stolen Book of Evelyn Aubrey,Mystery
"Dead and Gondola (Christie Bookshop, #1)",Mystery
Blackwater Falls,Mystery
"Reader, I Murdered Him",Mystery
"The Wicked Remain (The Grimrose Girls, #2)",Mystery
"Empire of Exiles (Books of the Usurper, #1)",Mystery
The Lies We Tell,Mystery
"Flight Risk (The Booking Agents, #2)",Mystery
Sugaring Off,Mystery
A Ghost of Caribou (Alex Carter #3),Mystery
Friends Like These,Mystery
"Calypso, Corpses, and Cooking (A Caribbean Kitchen Mystery, #2)",Mystery
"Secrets in the Stacks (Survivors' Book Club Mystery, #2)",Mystery
"On Spine of Death (By the Book Mysteries, #2)",Mystery
Holmes Coming,Mystery
An Unforgiving Place (National Parks Mystery #2),Mystery
Death on a Winter Stroll (Merry Folger #7),Mystery
Murder Most Royal (Her Majesty the Queen Investigates #3),Mystery
Murder On The Christmas Express,Mystery
Dead Winner,Mystery
Never Name the Dead,Mystery
Viviana Valentine Gets Her Man (Girl Friday #1),Mystery
Murder in Williamstown (Phryne Fisher #22),Mystery
A Book Club to Die for,Mystery
Dark Rivers to Cross,Mystery
The Devil's Blaze,Mystery
Death at the Falls (Gilded Age Mystery #7),Mystery
Dead Men Don’t Decorate (Old Town Antiques Mystery #1),Mystery
"Glassheart (Thirteens, #3)",Mystery
Keeper of Secrets (Carly Moore Mystery #7),Mystery
"Murder on the Class Trip (A Maya and Sandra Mystery, #3)",Mystery
Auld Acquaintance,Mystery
"Canter With a Killer (A Horse Rescue Mystery, #1)",Mystery
A Quiet Teacher,Mystery
When She Fell,Mystery
Heartbreak Homes,Mystery
Quilt City: Panic in Paducah,Mystery
Murder at Snowfall,Mystery
Mystery of the Secret Santa (Lucky Lexie #7),Mystery
"Some Touch of Madness (Gentlewoman's Guide to Murder, #2)",Mystery
Bourre Brouhaha (The Big Uneasy #8),Mystery
Jackal,Mystery
Lavender House,Mystery
"Station Eternity (The Midsolar Murders, #1)",Mystery
Anywhere You Run,Mystery
"Blackmail and Bibingka (Tita Rosie's Kitchen Mystery, #3)",Mystery
"No Strangers Here (County Kerry Mystery, #1)",Mystery
Dark Room Etiquette,Mystery
The Storyteller's Death,Mystery
"River Woman, River Demon",Mystery
The Spare Man,Mystery
Pretty Dead Queens,Mystery
"A Trace of Poison (Phyllida Bright Mystery, #2)",Mystery
The Restless Dark,Mystery
"The Missing (Bane Island series, #3)",Mystery
"Uncanny Times (Huntsmen, #1)",Mystery
"Secrets of the Nile (Lady Emily, #16)",Mystery
Sinister Graves,Mystery
"Merchants Bridge (Dark River, #1)",Mystery
"Devil’s Delight (Agatha Raisin, #33)",Mystery
After Dark with Roxie Clark,Mystery
"Santa's Little Yelpers (Andy Carpenter, #26)",Mystery
"A Trip with Trouble (Mountain Lodge Mystery, #2)",Mystery
Secret Lives,Mystery
Within These Gilded Halls,Mystery
"By the Time You Read This I'll Be Gone (Murder, She Wrote, #1)",Mystery
Photo Finished,Mystery
The Secret Garden of Yanagi Inn,Mystery
"The Mad, Mad Murders of Marigold Way",Mystery
"To Capture His Heart (Matchmakers, #2)",Mystery
Beasts of the Earth,Mystery
Sisterhood of Sleuths,Mystery
Love Me or Grieve Me,Mystery
"A Spying Eye (Henrietta and Inspector Howard, #6)",Mystery
"In Myrtle Peril (Myrtle Hardcastle Mysteries, #4)",Mystery
A Murder at Balmoral,Mystery
What Child is This? (Sherlock Holmes Adventure #5),Mystery
"Under a Veiled Moon (Inspector Corravan, #2)",Mystery
The Dark Between the Trees,Mystery
"The Plot and the Pendulum (Library Lover's Mystery, #13)",Mystery
The Socialite's Guide to Murder (Pinnacle Hotel Mystery #1),Mystery
"Treachery on Tenth Street (Gilded Gotham Mystery, #3)",Mystery
Spirit Week,Mystery
"Dashing Through the Snowbirds (Meg Langslow Mystery, #32)",Mystery
"High Spirits (A Haunted Haven Mystery, #2)",Mystery
Murder at the Majestic Hotel (A Stella and Lyndy Mystery #4),Mystery
A Christmas Candy Killing,Mystery
It's News to Me (Clare Carlson #5),Mystery
A Fox in the Fold (Owen Archer #14),Mystery
Flight 171,Mystery
"The Crime That Binds (Bookmobile Cat Mystery, #10)",Mystery
Tell Me No Lies,Mystery
Dog Days of Summer (Gone to the Dogs #2),Mystery
The Light We Carry: Overcoming in Uncertain Times,Nonfiction
Have I Told You This Already?: Stories I Don’t Want to Forget to Remember,Nonfiction
Butts: A Backstory,Nonfiction
"Surrender: 40 Songs, One Story",Nonfiction
The Queen: Her Life,Nonfiction
The World Deserves My Children,Nonfiction
The Philosophy of Modern Song,Nonfiction
Egypt's Golden Couple: When Akhenaten and Nefertiti Were Gods on Earth,Nonfiction
Weaving Sundown in a Scarlet Light: Fifty Poems for Fifty Years,Nonfiction
The World Record Book of Racist Stories,Nonfiction
"Deliberate Cruelty: Truman Capote, the Millionaire's Wife, and the Murder of the Century",Nonfiction
Great Short Books: A Year of Reading—Briefly,Nonfiction
Conversations Behind the Kitchen Door: 50 American Chefs Chart Today’s Food Culture,Nonfiction
Number One Is Walking: My Life in the Movies and Other Diversions,Nonfiction
"Brain Energy: A Revolutionary Breakthrough in Understanding Mental Health--and Improving Treatment for Anxiety, Depression, OCD, PTSD, and More",Nonfiction
Kurashi at Home: How to Organize Your Space and Achieve Your Ideal Life,Nonfiction
Con/Artist: The Life and Crimes of the World's Greatest Art Forger,Nonfiction
The Grimkes: The Legacy of Slavery in an American Family,Nonfiction
Dickens and Prince: A Particular Kind of Genius,Nonfiction
The Forever Witness: How Genetic Genealogy Solved a Cold Case Double Murder,Nonfiction
A Coastline Is an Immeasurable Thing: A Memoir Across Three Continents,Nonfiction
White Women: Everything You Already Know about Your Own Racism and How to Do Better,Nonfiction
A Book of Days,Nonfiction
My First Popsicle: An Anthology of Food and Feelings,Nonfiction
The Rebel and the Kingdom: The True Story of the Secret Mission to Overthrow the North Korean Regime,Nonfiction
Cheap Land Colorado: Off-Gridders at America's Edge,Nonfiction
"Nero: Matricide, Music, and Murder in Imperial Rome",Nonfiction
Our Man in Tokyo: An American Ambassador and the Countdown to Pearl Harbor,Nonfiction
"Silent Spring Revolution: John F. Kennedy, Rachel Carson, Lyndon Johnson, Richard Nixon, and the Great Environmental Awakening",Nonfiction
"Vigilance: The Life of William Still, Father of the Underground Railroad",Nonfiction
"Requiem for the Massacre: A Black History on the Conflict, Hope, and Fallout of the 1921 Tulsa Race Massacre",Nonfiction
"It's Not TV: The Spectacular Rise, Revolution, and Future of HBO",Nonfiction
G-Man: J. Edgar Hoover and the Making of the American Century,Nonfiction
"Art Is Life: Icons and Iconoclasts, Visionaries and Vigilantes, and Flashes of Hope in the Night",Nonfiction
"American Caliph: The True Story of a Muslim Mystic, a Hollywood Epic, and the 1977 Siege of Washington, DC",Nonfiction
Finale: Late Conversations with Stephen Sondheim,Nonfiction
The Peacemaker: Ronald Reagan in the White House and the World,Nonfiction
Shirley Hazzard: A Writing Life,Nonfiction
Disability Pride: Dispatches from a Post-ADA World,Nonfiction
The Lego Story: How a Little Toy Sparked the World's Imagination,Nonfiction
"The Island of Extraordinary Captives: A Painter, a Poet, an Heiress, and a Spy in a World War II British Internment Camp",Nonfiction
A Line in the World: A Year on the North Sea Coast,Nonfiction
Nothing Bad Ever Happens Here,Nonfiction
My Pinup,Nonfiction
What's for Dessert: Simple Recipes for Dessert People,Nonfiction
Engineering in Plain Sight: An Illustrated Field Guide to the Constructed Environment,Nonfiction
Rotterdam. Een ode aan inefficiëntie,Nonfiction
The Pirate's Wife: The Remarkable True Story of Sarah Kidd,Nonfiction
One Jump at a Time: My Story,Nonfiction
"The Last Campaign: Sherman, Geronimo and the War for America",Nonfiction
The Thrill of Orthodoxy: Rediscovering the Adventure of Christian Faith,Nonfiction
God Save the Queer. Catechismo femminista,Nonfiction
The Comedians in Cars Getting Coffee Book,Nonfiction
The Best American Essays 2022,Nonfiction
Adam Smith's America: How a Scottish Philosopher Became an Icon of American Capitalism,Nonfiction
Pathetic Literature,Nonfiction
The Imagineering Story: A History of Disney's Theme Parks as Told by the Designers,Nonfiction
Hanged! Mary Surratt and the Plot to Assassinate Abraham Lincoln,Nonfiction
Barkley: A Biography,Nonfiction
Eat Your Mind: The Radical Life and Work of Kathy Acker,Nonfiction
"Madly, Deeply: The Diaries of Alan Rickman",Nonfiction
The Escape Artist: The Man Who Broke Out of Auschwitz to Warn the World,Nonfiction
The Song of the Cell: An Exploration of Medicine and the New Human,Nonfiction
And There Was Light: Abraham Lincoln and the American Struggle,Nonfiction
"Visual Thinking: The Hidden Gifts of People Who Think in Pictures, Patterns, and Abstractions",Nonfiction
Making a Scene,Nonfiction
Bad Vibes Only (and Other Things I Bring to the Table),Nonfiction
The Revolutionary: Samuel Adams,Nonfiction
"American Midnight: Democracy's Forgotten Crisis, 1917-1921",Nonfiction
The Book of Boundaries,Nonfiction
Nineteen Ways of Looking at Consciousness,Nonfiction
Chip War: The Fight for the World's Most Critical Technology,Nonfiction
"The Big Bang Theory: The Definitive, Inside Story of the Epic Hit Series",Nonfiction
All That Is Wicked: A Gilded-Age Story of Murder and the Race to Decode the Criminal Mind,Nonfiction
Inciting Joy: Essays,Nonfiction
It Came from the Closet: Queer Reflections on Horror,Nonfiction
Botticelli's Secret: The Lost Drawings and the Rediscovery of the Renaissance,Nonfiction
Ejaculate Responsibly: A Whole New Way to Think About Abortion,Nonfiction
README.txt,Nonfiction
"Courtiers: Intrigue, Ambition, and the Power Players Behind the House of Windsor",Nonfiction
The Climate Book: The Facts and the Solutions,Nonfiction
Heretic: A Memoir,Nonfiction
"The Persuaders: At the Front Lines of the Fight for Hearts, Minds, and Democracy",Nonfiction
The White Mosque,Nonfiction
The Faith of Elvis,Nonfiction
An American Martyr in Persia: The Epic Life and Tragic Death of Howard Baskerville,Nonfiction
The Family Outing: A Memoir,Nonfiction
Baking By Feel: Recipes to Sort Out Your Emotions (Whatever They Are Today!),Nonfiction
Start with Hello: (And Other Simple Ways to Live as Neighbors),Nonfiction
Numb to This: Memoir of a Mass Shooting,Nonfiction
"In the Mouth of the Wolf: A Murder, a Cover-Up, and the True Cost of Silencing the Press",Nonfiction
The Siete Table: Nourishing Mexican-American Recipes from Our Kitchen,Nonfiction
I'll See You Tomorrow: Building Relational Resilience When You Want to Quit,Nonfiction
Listening in the Dark: Women Reclaiming the Power of Intuition,Nonfiction
"Waging a Good War: A Military History of the Civil Rights Movement, 1954-1968",Nonfiction
Mussolini's Daughter: The Most Dangerous Woman in Europe,Nonfiction
Nature's Wild Ideas: How the Natural World is Inspiring Scientific Innovation,Nonfiction
"The Other Side of Prospect: A Story of Violence, Injustice, and the American City",Nonfiction
"Somewhere Sisters: A Story of Adoption, Identity, and the Meaning of Family",Nonfiction
The Abyss: Nuclear Crisis Cuba 1962,Nonfiction
"The World Keeps Ending, and the World Goes on",Poetry
And Yet: Poems,Poetry
Musical Tables: Poems,Poetry
Weaving Sundown in a Scarlet Light: Fifty Poems for Fifty Years,Poetry
"Sweet, Young, & Worried",Poetry
Pathetic Literature,Poetry
Ode to a Nobody,Poetry
The Call-Out,Poetry
Concentrate: Poems,Poetry
Gewitterwolken und Sommernächte: Gedichte und Texte,Poetry
Geometries of Belonging: Stories and Poems from the Birdverse,Poetry
A Queen in Bucks County,Poetry
No Farther Than the End of the Street,Poetry
Prescribee,Poetry
Routes,Poetry
Gravity,Poetry
Inciting Joy: Essays,Poetry
The Symmetry of Fish,Poetry
Balladz,Poetry
A Seed in the Sun,Poetry
Catching the Light,Poetry
Never Catch Me,Poetry
Marigold and Rose: A Fiction,Poetry
Garvey in the Dark,Poetry
Queer Little Nightmares: An Anthology of Monstrous Fiction and Poetry,Poetry
She Chose to Love,Poetry
Crime Scene,Poetry
What the Moon Gave Her,Poetry
Brown Is Beautiful,Poetry
Late Summer Ode,Poetry
Inte alls dåligt: Efterlämnade dikter,Poetry
Имам нещо да ти кажа,Poetry
We Borrowed Gentleness,Poetry
In a Few Minutes Before Later,Poetry
The Threshold: Poems,Poetry
stemmy things,Poetry
summonings,Poetry
A Tinderbox in Three Acts,Poetry
The Feeling Sonnets,Poetry
Alone in the House of My Heart: Poems,Poetry
Your Face My Flag,Poetry
Echo's Errand,Poetry
"Europe, Love Me Back",Poetry
"Visual Thinking: The Hidden Gifts of People Who Think in Pictures, Patterns, and Abstractions",Psychology
The Book of Boundaries,Psychology
Nineteen Ways of Looking at Consciousness,Psychology
"The Persuaders: At the Front Lines of the Fight for Hearts, Minds, and Democracy",Psychology
The Art of Insanity,Psychology
Sentience: The Invention of Consciousness,Psychology
The Do-Over,Romance
Kiss Her Once for Me,Romance
"Astrid Parker Doesn't Fail (Bright Falls, #2)",Romance
Never Ever Getting Back Together,Romance
"Heart of the Sun Warrior (The Celestial Kingdom Duology, #2)",Romance
The Ones We Burn,Romance
"Before I Let Go (Skyland, #1)",Romance
Two Wrongs Make a Right,Romance
"A Very Merry Bromance (Bromance Book Club, #5)",Romance
"Ship Wrecked (Spoiler Alert, #3)",Romance
The Rewind,Romance
Better than Fiction,Romance
The Christmas Wish,Romance
"A Restless Truth (The Last Binding, #2)",Romance
How to Excavate a Heart,Romance
Even Though I Knew the End,Romance
"Saint (Fable, #0.5)",Romance
Ocean's Echo,Romance
A Thousand Heartbeats,Romance
Happenstance,Romance
A Wilderness of Stars,Romance
Salt and Sugar,Romance
Scattered Showers,Romance
"Paris Daillencourt Is About to Crumble (Winner Bakes All, #2)",Romance
We Deserve Monuments,Romance
"You Can Hide (Laurel Snow, #2)",Romance
Whiteout,Romance
Pride and Protest,Romance
"One Last Chance (Blood Ties, #3)",Romance
Single and Ready to Jingle,Romance
"Never Rescue a Rogue (The Merriwell Sisters, #2)",Romance
"Wherever You Are (KGI, #12)",Romance
"The Reluctant Countess (Would-Be Wallflowers, #2)",Romance
Authentically Izzy,Romance
"Reader, I Murdered Him",Romance
Cruel Illusions,Romance
Pride & Puppies,Romance
The Banned Bookshop of Maggie Banks,Romance
The Lies We Tell,Romance
"The Brilliance of Stars (Jack and Ivy, #1)",Romance
Belittled Women,Romance
The Vermilion Emporium,Romance
Faking Christmas  (Christmas Escape),Romance
"Raven Unveiled (Fallen Empire, #3)",Romance
Baggage Claim,Romance
"Some Dukes Have All the Luck (Synneful Spinsters, #1)",Romance
The Red Scholar's Wake,Romance
Beneath His Silence,Romance
Holding Out for a Cowboy,Romance
Like the Wind,Romance
The Christmas I Found Home,Romance
The Last Encore,Romance
"Lady Meets Earl (Love on Holiday, #2)",Romance
"Untamed (The Crystal Island, #2)",Romance
"Forget Me Not Cowboy (Rustlers Creek, #2)",Romance
"A Chinatown Christmas (Chen Family Cuisine, #1)",Romance
"His Delightful Lady Delia (American Royalty, #3)",Romance
Counterfeit Courtship (Heart & Soul #3),Romance
Resting Scrooge Face,Romance
"Christmas Chaos (Evie and Kelly's Holiday Disasters, #3)",Romance
Angels Before Man,Romance
The Q,Romance
"Monster's Obsession (Monster & Me, #2)",Romance
Villain I'd Like to F...,Romance
"Just One Taste (The Kingston Family, #7)",Romance
The Naughty Or Nice Clause,Romance
A Newport Christmess  (Christmas Escape),Romance
Briarcliff Prep,Romance
A Not-So Holiday Paradise (Christmas Escape),Romance
Duke in a Box: Twelve Steamy Historical Holiday Novellas,Romance
Later On We'll Conspire  (Christmas Escape),Romance
"Mr. Clarke's Deepest Desire (Enterprising Scoundrels, #2)",Romance
"Bond of Passion (Demonica, #21)",Romance
The Forever Factor,Romance
The Call of the Sea,Romance
Worlds Beyond (Worlds #3),Romance
Just for December,Romance
Carry Me Through Christmas,Romance
"Midnight, Repeated",Romance
If You Could See the Sun,Romance
"Bad Girl Reputation (Avalon Bay, #2)",Romance
Mistakes Were Made,Romance
Built to Last,Romance
Just Like Magic,Romance
Before I Do,Romance
A Cosmic Kind of Love,Romance
Partners in Crime,Romance
A Scatter of Light,Romance
"Seasparrow (Graceling Realm, #5)",Romance
"Folk Around and Find Out (Good Folk: Modern Folktales, #2)",Romance
The Whispering Dark,Romance
The Man I Never Met,Romance
"The Belle of Belgrave Square (Belles of London, #2)",Romance
When Life Gives You Vampires,Romance
Season of Love,Romance
Princess of Souls,Romance
The Stand-Up Groomsman,Romance
"Marlowe Banks, Redesigned",Romance
A Little Too Late (Madigan Mountain #1),Romance
Butt-dialing the Billionaire (Billionaires of Manhattan #7),Romance
Butts: A Backstory,Science
The Forever Witness: How Genetic Genealogy Solved a Cold Case Double Murder,Science
"Silent Spring Revolution: John F. Kennedy, Rachel Carson, Lyndon Johnson, Richard Nixon, and the Great Environmental Awakening",Science
Engineering in Plain Sight: An Illustrated Field Guide to the Constructed Environment,Science
Einstein,Science
"Trudno powiedzieć. Co nauka mówi o rasie, chorobie, inteligencji i płci",Science
Why Am I Taller? What Happens to an Astronaut's Body in Space,Science
Mesozoic Art: Dinosaurs and Other Ancient Animals in Art,Science
The Song of the Cell: An Exploration of Medicine and the New Human,Science
"Visual Thinking: The Hidden Gifts of People Who Think in Pictures, Patterns, and Abstractions",Science
Nineteen Ways of Looking at Consciousness,Science
Chip War: The Fight for the World's Most Critical Technology,Science
The Climate Book: The Facts and the Solutions,Science
Nature's Wild Ideas: How the Natural World is Inspiring Scientific Innovation,Science
Black Holes: The Key to Understanding the Universe,Science
Breathless: The Scientific Race to Defeat a Deadly Virus,Science
Meanwhile Back on Earth,Science
The Sounds of Life: How Digital Technology Is Bringing Us Closer to the Worlds of Animals and Plants,Science
A Traveler's Guide to the Stars,Science
Caves,Science
The Universe in You: A Microscopic Journey,Science
Sentience: The Invention of Consciousness,Science
The Evolution of Charles Darwin: The Epic Voyage of the Beagle That Forever Changed Our View of Life on Earth,Science
"The Girl Who Built an Ocean: An Artist, an Argonaut, and the True Story of the World's First Aquarium",Science
"7 cząsteczek, czyli historie o tym jak chemia kształtowała, kształtuje i będzie kształtować świat wokół nas",Science
Su un altro pianeta: C'è un futuro per l'umanità fuori dalla Terra?,Science
"The World We Make (Great Cities, #2)",Science Fiction
"Gleanings: Stories from the Arc of a Scythe (Arc of a Scythe, #3.5)",Science Fiction
Ocean's Echo,Science Fiction
A Wilderness of Stars,Science Fiction
"Wayward (Wanderers, #2)",Science Fiction
"The Stars Undying (Empire Without End, #1)",Science Fiction
Africa Risen: A New Era of Speculative Fiction,Science Fiction
"The Last Hero (The First Sister Trilogy, #3)",Science Fiction
The Red Scholar's Wake,Science Fiction
To Each This World,Science Fiction
Desert Creatures,Science Fiction
"Moongarden (Plotting the Stars, #1)",Science Fiction
"Nightwatch Over Windscar (The Weep, #2)",Science Fiction
Convergence,Science Fiction
"The Ice Orphan (Rewilding Reports, #3)",Science Fiction
"Reckoning (Donovan, #6)",Science Fiction
The Two Doctors Górski,Science Fiction
The Q,Science Fiction
"Honor and Shadows (Starlight's Shadow, #0.5)",Science Fiction
Quest for the Hidden City (Star Wars: The High Republic),Science Fiction
The Alchemy of Sorrow,Science Fiction
Aliens: Vasquez,Science Fiction
In the City of Time,Science Fiction
The Best American Science Fiction and Fantasy 2022,Science Fiction
"What January Remembers (Jolvix Episodes, #3)",Science Fiction
"Blood Moon (The Rising, #2)",Science Fiction
Star Wars: The Halcyon Legacy,Science Fiction
Cold Water,Science Fiction
Màgòdiz,Science Fiction
Godzilla vs. the Mighty Morphin Power Rangers,Science Fiction
The Master of Puppets,Science Fiction
"Star Wars: The Mandalorian, Vol. 1: Season One, Part One",Science Fiction
The Sufficient Loss Protocol,Science Fiction
Star Trek: Lower Decks #3,Science Fiction
Cowboy Bebop: Supernova Swing,Science Fiction
Witchbringer (Astra Militarum #3),Science Fiction
"The Scarlet Sphere (Sky Saga, #2)",Science Fiction
"Only War: Stories from the 41st Millennium (Warhammer 40,000)",Science Fiction
Utopiales 2022,Science Fiction
"Lightspeed Magazine, Issue 151, December 2022",Science Fiction
Poster Girl,Science Fiction
"Station Eternity (The Midsolar Murders, #1)",Science Fiction
Self-Portrait with Nothing,Science Fiction
The Mountain in the Sea,Science Fiction
"Saga, Volume 10",Science Fiction
The Spare Man,Science Fiction
"Across the Sand (The Sand Chronicles, #2)",Science Fiction
Illuminations: Stories,Science Fiction
"The Maze Cutter (The Maze Cutter, #1)",Science Fiction
A Rover's Story,Science Fiction
When the Night Bells Ring,Science Fiction
The Revivalists,Science Fiction
The Sevenfold Hunters (#1),Science Fiction
Path of Deceit (Star Wars: The High Republic),Science Fiction
Monarch Rising,Science Fiction
"The Quantum Chain (Joseph Bridgeman, #4)",Science Fiction
"The Immortality Thief (The Kystrom Chronicles, #1)",Science Fiction
The Nightland Express,Science Fiction
Singer Distance,Science Fiction
Queer Little Nightmares: An Anthology of Monstrous Fiction and Poetry,Science Fiction
Last Man Standing (The Earthburst Saga #1),Science Fiction
My Primal Mate (Iriduan Universe Love Stories #3),Science Fiction
"At the Mountains of Madness, vol.1",Science Fiction
"Unanimity (Spiral Worlds, #1)",Science Fiction
Vengeful Heart (The Infinite City #3),Science Fiction
Buried Memories,Science Fiction
"Crimson Reign (Star Wars: Doctor Aphra, #4)",Science Fiction
The Stars in Their Eyes,Science Fiction
Rogal Dorn: The Emperor's Crusader (The Horus Heresy: Primarchs #16),Science Fiction
Green Lantern: Alliance,Science Fiction
"A Night Most Wicked (Galaxy Circus, #2.5)",Science Fiction
"De falske liv (Tavse Verdener, #2)",Science Fiction
Kingdom of Acatalec,Science Fiction
Horizonte de estrellas,Science Fiction
"ダンダダン 7 [DanDaDan 7] (ダンダダン [DanDaDan], #7)",Science Fiction
Empire of the Feast,Science Fiction
The Tangled Stars,Science Fiction
"Void King (Warhammer 40,000)",Science Fiction
Star Trek: Lower Decks #2,Science Fiction
Star Wars: Visions (2022) #1,Science Fiction
"How the Crown Prince of Jupiter Undid the Universe, or, The Full Fruit of Love's Full Folly",Science Fiction
Of All the New Yorks in All the Worlds,Science Fiction
All-New Firefly: The Gospel According to Jayne Vol. 1,Science Fiction
The Man Who Fell to Earth: The Official Movie Adaptation,Science Fiction
Nebula Vibrations,Science Fiction
Drake (Dragon Brides #6),Science Fiction
"ALIENS AREA 1 (Aliens Area, #1)",Science Fiction
Return to Glory,Science Fiction
"Farther Reefs: Ten Stories of Ocean Adventure, New Relationships, and Nautical Mystery",Science Fiction
Stan Lee's Alliances: Orphans,Science Fiction
King of Pigs (Warhammer Horror),Science Fiction
The Stacks (Warhammer Horror),Science Fiction
The Pharisene Paradox (Warhammer Horror),Science Fiction
Pain Engine (Warhammer Horror),Science Fiction
The Orville Library Edition Volume 1,Science Fiction
The Light We Carry: Overcoming in Uncertain Times,Self Help
Kurashi at Home: How to Organize Your Space and Achieve Your Ideal Life,Self Help
This Is How We Do It: A Pep Talk,Self Help
The Freedom Manifesto: 7 Rules To Live the Life of Your Calling,Self Help
"Visual Thinking: The Hidden Gifts of People Who Think in Pictures, Patterns, and Abstractions",Self Help
"Dear Dolly: On Love, Life and Friendship, Collected wisdom from her Sunday Times Style Column",Self Help
The Book of Boundaries,Self Help
Nineteen Ways of Looking at Consciousness,Self Help
Inciting Joy: Essays,Self Help
Start with Hello: (And Other Simple Ways to Live as Neighbors),Self Help
"You, Me, We: Why We All Need a Friend at Work (and How to Show Up as One!)",Self Help
Menjadi: Seni Membangun Kesadaran tentang Diri dan Sekitar,Self Help
"Princess and the Player (Strangers in Love, #2)",Sports
Winterland,Sports
"The Good Guy Challenge (The Dating Games, #3)",Sports
Ravaged (Burned Inc. #2),Sports
"Kiss To Shatter (Blairwood University, #6)",Sports
"Blitzed (Rules of Possession, #3)",Sports
Drama! (South Rock High #2),Sports
"The Sexy Suit (Winner Takes All, #1.5)",Sports
Double Play (Hit and Run #3),Sports
One Jump at a Time: My Story,Sports
My Dream Time: A Memoir of Tennis & Teamwork,Sports
Checking It Twice,Sports
"Scoring Big (Bears Hockey II, #3)",Sports
"White-Hot Hookup (Hot in Chicago Rookies, #1.5)",Sports
Barkley: A Biography,Sports
Plano imperfeito,Sports
"ボールルームへようこそ 12 [Ballroom e Youkoso 12] (Welcome to the Ballroom, #12)",Sports
A Little Too Wild (Madigan Mountain #3),Sports
"Two a Day (The Dating Games, #2)",Sports
A Little Too Close (Madigan Mountain #2),Sports
"Until Him (Inevitable, #1)",Sports
"Snowed In with the Player (Holiday with the Players, #1)",Sports
Shameless Puckboy (Puckboys #3),Sports
Football Royalty (Franklin U #8),Sports
The Last Folk Hero: The Life and Myth of Bo Jackson,Sports
Making Waves (Franklin U #7),Sports
Keeper (Kensley Panthers #1),Sports
Tell Me a Story,Sports
Attractive Forces,Sports
"Missed Notes (Rixon High, #5)",Sports
Running While Black: Finding Freedom in a Sport That Wasn't Built for Us,Sports
Passion Plays: How Religion Shaped Sports in North America,Sports
Love and History (The Script Club #6),Sports
Scored (Nashville Grizzlies #2),Sports
Knock Out (Fighting for Love #4),Sports
"The Hater Playbook (Boyfriend Rules, #2)",Sports
Scoring Position,Sports
The Grandest Stage: A History of the World Series,Sports
"Playing by the Rules (Miami Piranhas, #3)",Sports
Like I Wished (Heather Bay #2),Sports
"Fresh Ice (Alpha Omega Hockey, #1)",Sports
Reckless Rebound (Cocky Hero Club),Sports
"ブルーロック 21 (Blue Lock, #21)",Sports
Aiden (San Francisco Shockwaves #2),Sports
Risk on Ice (Boys of Winter #11),Sports
Men in Blazers Present Gods of Soccer: The Pantheon of the 100 Greatest Soccer Players (According to Us),Sports
All Roads Home: A Life on and Off the Ice,Sports
"アオのハコ 7 [Ao no Hako 7] (Blue Box, #7)",Sports
Played (He's Mine University Edition #1),Sports
"ブルーロック-EPISODE 凪- 1 (Blue Lock: Episode Nagi, #1)",Sports
The Prisoner,Thriller
Secluded Cabin Sleeps Six,Thriller
Five Survive,Thriller
White Horse,Thriller
The Personal Assistant,Thriller
She's Gone,Thriller
The Resemblance,Thriller
Small Game: A Novel,Thriller
All The Blood We Share,Thriller
"You Can Hide (Laurel Snow, #2)",Thriller
A Sliver of Darkness,Thriller
Blackwater Falls,Thriller
Are You Awake?,Thriller
"Reader, I Murdered Him",Thriller
"The Wicked Remain (The Grimrose Girls, #2)",Thriller
The Lies We Tell,Thriller
Sugaring Off,Thriller
A Ghost of Caribou (Alex Carter #3),Thriller
Friends Like These,Thriller
Run on Red,Thriller
"Night, Forgotten",Thriller
Standing by the Wall: The Collected Slough House Novellas,Thriller
Wait for Me,Thriller
The Double Agent (Alexsi #2),Thriller
The Christmas Party,Thriller
Hunting Time (Colter Shaw #4),Thriller
Find Her,Thriller
The Locked Attic,Thriller
He Who Haunts Me,Thriller
The Hollows,Thriller
Dead Winner,Thriller
Never Name the Dead,Thriller
The Party,Thriller
Doomed Legacy (Rick Cahill #9),Thriller
The Night Nurse,Thriller
The Will,Thriller
Dark Rivers to Cross,Thriller
The Hiker,Thriller
My Perfect Friend,Thriller
"What January Remembers (Jolvix Episodes, #3)",Thriller
The People Before,Thriller
"Blood Moon (The Rising, #2)",Thriller
Paperback Jack,Thriller
Auld Acquaintance,Thriller
The Shadows of Rutherford House,Thriller
Suicide Thursday,Thriller
Stranger Sins,Thriller
If They Knew,Thriller
The Silent Dead (Detective Jackie Cooke #2),Thriller
Among Wolves,Thriller
The Coming Darkness,Thriller
Jackal,Thriller
The Soulmate,Thriller
Lavender House,Thriller
Anywhere You Run,Thriller
Keep It In The Family,Thriller
Malice House,Thriller
Dark Room Etiquette,Thriller
The Storyteller's Death,Thriller
"River Woman, River Demon",Thriller
The Hollow Kind,Thriller
Lute,Thriller
Pretty Dead Queens,Thriller
The Restless Dark,Thriller
Attribution,Thriller
Found Object,Thriller
The Dark Room,Thriller
Shadow Sister,Thriller
"Merchants Bridge (Dark River, #1)",Thriller
Curse of the Reaper,Thriller
After Dark with Roxie Clark,Thriller
When the Night Bells Ring,Thriller
Book of Knives,Thriller
Secret Lives,Thriller
How to Kill Men and Get Away With It,Thriller
A Knock on the Door,Thriller
"The Mad, Mad Murders of Marigold Way",Thriller
Concrete Evidence,Thriller
In the Vanishing Hour,Thriller
"Spindeln (Joona Linna, #9)",Thriller
The Dark Between the Trees,Thriller
"A Portion of Malice (Ages of Malice, #1)",Thriller
The Perfect Mother,Thriller
The Bequest,Thriller
How to Destroy Your Husband,Thriller
The App,Thriller
The Wolves Are Watching,Thriller
A Child Alone With Strangers,Thriller
It's News to Me (Clare Carlson #5),Thriller
"Follow Me Down (Reckless, #5)",Thriller
The Patient's List,Thriller
Flight 171,Thriller
Tell Me No Lies,Thriller
I'm Watching You,Thriller
Double Exposure,Thriller
Behind Her Lives (Pseudo),Thriller
Blind Faith,Thriller
Lupus Noctis,Thriller
After You Were Gone,Thriller
Their Final Cry (Detective Harlow Durant #3),Thriller
A Line in the World: A Year on the North Sea Coast,Travel
Norway: Land of Fjords and the Northern Lights,Travel
Down and Out in Paradise: The Life of Anthony Bourdain,Travel
When the Angels Left the Old Country,Travel
The White Mosque,Travel
100 Disney Adventures of a Lifetime: Magical Experiences From Around the World,Travel
Going Places: Victor Hugo Green and His Glorious Book,Travel
License to Travel: A Cultural History of the Passport,Travel
On This Airplane,Travel
Black History Walks (Twenty in 2020),Travel
Five Survive,Young Adult
Never Ever Getting Back Together,Young Adult
The Ones We Burn,Young Adult
"Cursed (Gilded, #2)",Young Adult
"The Luminaries (The Luminaries, #1)",Young Adult
A Thousand Heartbeats,Young Adult
"Gleanings: Stories from the Arc of a Scythe (Arc of a Scythe, #3.5)",Young Adult
How to Excavate a Heart,Young Adult
"Saint (Fable, #0.5)",Young Adult
A Wilderness of Stars,Young Adult
Salt and Sugar,Young Adult
We Deserve Monuments,Young Adult
Whiteout,Young Adult
"Reader, I Murdered Him",Young Adult
Silver in the Mist,Young Adult
"Children of Ragnarok (Runestone Saga, #1)",Young Adult
"The Wicked Remain (The Grimrose Girls, #2)",Young Adult
Cruel Illusions,Young Adult
The Lies We Tell,Young Adult
Jasmine Zumideh Needs a Win,Young Adult
Sugaring Off,Young Adult
Friends Like These,Young Adult
The Vermilion Emporium,Young Adult
Moira's Pen: A Queen's Thief Collection,Young Adult
Belittled Women,Young Adult
Wait for Me,Young Adult
House of Yesterday,Young Adult
At Midnight,Young Adult
Other Side of the Tracks,Young Adult
The Hunger Between Us,Young Adult
The Last Huntress (Mirror Realm #1),Young Adult
"Moongarden (Plotting the Stars, #1)",Young Adult
My Good Man,Young Adult
Margot Mertz for the Win,Young Adult
Wolfish,Young Adult
A Consuming Fire,Young Adult
The Q,Young Adult
Briarcliff Prep,Young Adult
The Secrets We Keep,Young Adult
In the City of Time,Young Adult
Hanged! Mary Surratt and the Plot to Assassinate Abraham Lincoln,Young Adult
Some Kind of Hate,Young Adult
"青の祓魔師 28 [Ao no Exorcist 28] (Blue Exorcist, #28)",Young Adult
"Glassheart (Thirteens, #3)",Young Adult
Torch,Young Adult
My Rosebud Boy,Young Adult
"Beneath the Burning Wave (The Mu Chronicles, #1)",Young Adult
In the Key of Dale,Young Adult
Heartbreak Homes,Young Adult
"Dans, dibs og drama (Det fede liv, #2)",Young Adult
"ボールルームへようこそ 12 [Ballroom e Youkoso 12] (Welcome to the Ballroom, #12)",Young Adult
If You Could See the Sun,Young Adult
"Seasparrow (Graceling Realm, #5)",Young Adult
A Scatter of Light,Young Adult
"Night of the Raven, Dawn of the Dove",Young Adult
The Whispering Dark,Young Adult
"Strike the Zither (Kingdom of Three, #1)",Young Adult
Dark Room Etiquette,Young Adult
Princess of Souls,Young Adult
The Christmas Clash,Young Adult
Pretty Dead Queens,Young Adult
Love from Mecca to Medina,Young Adult
The Restless Dark,Young Adult
Man Made Monsters,Young Adult
The Second Death of Edie and Violet Bond,Young Adult
Nothing Sung and Nothing Spoken,Young Adult
"Prince of Song & Sea (Princes, #1)",Young Adult
After Dark with Roxie Clark,Young Adult
When the Angels Left the Old Country,Young Adult
Eight Nights of Flirting,Young Adult
Everyone Hates Kelsie Miller,Young Adult
"The Empress of Time (The Keeper of Night, #2)",Young Adult
Twelfth Grade Night,Young Adult
"I Miss You, I Hate This",Young Adult
The Last Hope in Hopetown,Young Adult
"By the Time You Read This I'll Be Gone (Murder, She Wrote, #1)",Young Adult
Numb to This: Memoir of a Mass Shooting,Young Adult
Sixteen Souls,Young Adult
The Sevenfold Hunters (#1),Young Adult
"Drizzle, Dreams, and Lovestruck Things",Young Adult
The Art of Insanity,Young Adult
Hollow,Young Adult
The Truth About Everything,Young Adult
"The Scratch Daughters (Scapegracers, #2)",Young Adult
Monarch Rising,Young Adult
Road of the Lost,Young Adult
Anne of Greenville,Young Adult
Spirit Week,Young Adult
The Nightland Express,Young Adult
"Blood Moon Prophecy (Legend of the Nyx, #1)",Young Adult
The Wolves Are Watching,Young Adult
The Edge of Being,Young Adult
Flight 171,Young Adult
Tell Me No Lies,Young Adult
Into the Glades,Young Adult
Never Less (The Pablo & Mindy Mysteries #1),Young Adult
We Are the Scribes,Young Adult
Beneath the Wide Silk Sky,Young Adult
Berliners,Young Adult
"Dark Tides (Kingdom of Bones Trilogy, #2)",Young Adult
